-- phpMyAdmin SQL Dump
-- version 4.3.9
-- http://www.phpmyadmin.net
--
-- Host: localhost:3306
-- Generation Time: May 24, 2015 at 04:42 PM
-- Server version: 5.5.41-0+wheezy1
-- PHP Version: 5.4.36-0+deb7u3

SET SQL_MODE = "NO_AUTO_VALUE_ON_ZERO";
SET time_zone = "+00:00";


/*!40101 SET @OLD_CHARACTER_SET_CLIENT=@@CHARACTER_SET_CLIENT */;
/*!40101 SET @OLD_CHARACTER_SET_RESULTS=@@CHARACTER_SET_RESULTS */;
/*!40101 SET @OLD_COLLATION_CONNECTION=@@COLLATION_CONNECTION */;
/*!40101 SET NAMES utf8 */;

--
-- Database: `zero`
--

-- --------------------------------------------------------

--
-- Table structure for table `CarComponents`
--

CREATE TABLE IF NOT EXISTS `CarComponents` (
  `ComponentID` int(11) NOT NULL,
  `ComponentName` varchar(20) NOT NULL,
  `ComponentType` varchar(20) NOT NULL,
  `ComponentPart` varchar(20) NOT NULL
) ENGINE=MyISAM DEFAULT CHARSET=latin1;

--
-- Dumping data for table `CarComponents`
--

INSERT INTO `CarComponents` (`ComponentID`, `ComponentName`, `ComponentType`, `ComponentPart`) VALUES
(1000, 'spl_b_mar_m', 'Spoiler', 'Pro'),
(1001, 'spl_b_bab_m', 'Spoiler', 'Win'),
(1002, 'spl_b_bar_m', 'Spoiler', 'Drag'),
(1003, 'spl_b_mab_m', 'Spoiler', 'Alpha'),
(1004, 'bnt_b_sc_m', 'Hood', 'Champ Scoop'),
(1005, 'bnt_b_sc_l', 'Hood', 'Fury Scoop'),
(1006, 'rf_b_sc_r', 'Roof', 'Roof Scoop'),
(1007, 'wg_l_b_ssk', 'Sideskirt', 'Right Sideskirt'),
(1008, 'nto_b_l', 'Nitro', '5 times'),
(1009, 'nto_b_s', 'Nitro', '2 times'),
(1010, 'nto_b_tw', 'Nitro', '10 times'),
(1011, 'bnt_b_sc_p_m', 'Hood', 'Race Scoop'),
(1012, 'bnt_b_sc_p_l', 'Hood', 'Worx Scoop'),
(1013, 'lgt_b_rspt', 'Lamps', 'Round Fog'),
(1014, 'spl_b_bar_l', 'Spoiler', 'Champ'),
(1015, 'spl_b_bbr_l', 'Spoiler', 'Race'),
(1016, 'spl_b_bbr_m', 'Spoiler', 'Worx'),
(1017, 'wg_r_b_ssk', 'Sideskirt', 'Left Sideskirt'),
(1018, 'exh_b_ts', 'Exhaust', 'Upswept'),
(1019, 'exh_b_t', 'Exhaust', 'Twin'),
(1020, 'exh_b_l', 'Exhaust', 'Large'),
(1021, 'exh_b_m', 'Exhaust', 'Medium'),
(1022, 'exh_b_s', 'Exhaust', 'Small'),
(1023, 'spl_b_bbb_m', 'Spoiler', 'Fury'),
(1024, 'lgt_b_sspt', 'Lamps', 'Square Fog'),
(1025, 'wheel_or1', 'Wheels', 'Offroad'),
(1026, 'wg_l_a_s', 'Sideskirt', 'Right Alien Sideskir'),
(1027, 'wg_r_a_s', 'Sideskirt', 'Left Alien Sideskirt'),
(1028, 'exh_a_s', 'Exhaust', 'Alien'),
(1029, 'exh_c_s', 'Exhaust', 'X-Flow'),
(1030, 'wg_r_c_s', 'Sideskirt', 'Left X-Flow Sideskir'),
(1031, 'wg_l_c_s', 'Sideskirt', 'Right X-Flow Sideski'),
(1032, 'rf_a_s', 'Roof', 'Alien Roof Vent'),
(1033, 'rf_c_s', 'Roof', 'X-Flow Roof Vent'),
(1034, 'exh_a_l', 'Exhaust', 'Alien'),
(1035, 'rf_c_l', 'Roof', 'X-Flow Roof Vent'),
(1036, 'wg_l_a_l', 'SideSkirt', 'Right Alien Sideskir'),
(1037, 'exh_c_l', 'Exhaust', 'X-Flow'),
(1038, 'rf_a_l', 'Roof', 'Alien Roof Vent'),
(1039, 'wg_l_c_l', 'SideSkirt', 'Left X-Flow Sideskir'),
(1040, 'wg_r_a_l', 'SideSkirt', 'Left Alien Sideskirt'),
(1041, 'wg_r_c_l', 'SideSkirt', 'Right X-Flow Sideski'),
(1042, 'wg_l_lr_br1', 'SideSkirt', 'Right Chrome Sideski'),
(1043, 'exh_lr_br2', 'Exhaust', 'Slamin'),
(1044, 'exh_lr_br1', 'Exhaust', 'Chrome'),
(1045, 'exh_c_f', 'Exhaust', 'X-Flow'),
(1046, 'exh_a_f', 'Exhaust', 'Alien'),
(1047, 'wg_l_a_f', 'SideSkirt', 'Right Alien Sideskir'),
(1048, 'wg_l_c_f', 'SideSkirt', 'Right X-Flow Sideski'),
(1049, 'spl_a_f_r', 'Spoiler', 'Alien'),
(1050, 'spl_c_f_r', 'Spoiler', 'X-Flow'),
(1051, 'wg_r_a_f', 'SideSkirt', 'Left Alien Sideskirt'),
(1052, 'wg_r_c_f', 'SideSkirt', 'Left X-Flow Sideskir'),
(1053, 'rf_c_f', 'Roof', 'X-Flow'),
(1054, 'rf_a_f', 'Roof', 'Alien'),
(1055, 'rf_a_st', 'Roof', 'Alien'),
(1056, 'wg_l_a_st', 'Sideskirt', 'Right Alien Sideskir'),
(1057, 'wg_l_c_st', 'Sideskirt', 'Right X-Flow Sideski'),
(1058, 'spl_a_st_r', 'Spoiler', 'Alien'),
(1059, 'exh_c_st', 'Exhaust', 'X-Flow'),
(1060, 'spl_c_st_r', 'Spoiler', 'X-Flow'),
(1061, 'rf_c_st', 'Roof', 'X-Flow'),
(1062, 'wg_r_a_st', 'Sideskirt', 'Left Alien Sideskirt'),
(1063, 'wg_r_c_st', 'Sideskirt', 'Left X-Flow Sideskir'),
(1064, 'exh_a_st', 'Exhaust', 'Alien'),
(1065, 'exh_a_j', 'Exhaust', 'Alien'),
(1066, 'exh_c_j', 'Exhaust', 'X-Flow'),
(1067, 'rf_a_j', 'Roof', 'Alien'),
(1068, 'rf_c_j', 'Roof', 'X-Flow'),
(1069, 'wg_l_a_j', 'Sideskirt', 'Right Alien Sideskir'),
(1070, 'wg_l_c_j', 'Sideskirt', 'Right X-Flow Sideski'),
(1071, 'wg_r_a_j', 'Sideskirt', 'Left Alien Sideskirt'),
(1072, 'wg_r_c_j', 'Sideskirt', 'Left X-Flow Sideskir'),
(1073, 'wheel_sr6', 'Wheels', 'Shadow'),
(1074, 'wheel_sr3', 'Wheels', 'Mega'),
(1075, 'wheel_sr2', 'Wheels', 'Rimshine'),
(1076, 'wheel_lr4', 'Wheels', 'Wires'),
(1077, 'wheel_lr1', 'Wheels', 'Classic'),
(1078, 'wheel_lr3', 'Wheels', 'Twist'),
(1079, 'wheel_sr1', 'Wheels', 'Cutter'),
(1080, 'wheel_sr5', 'Wheels', 'Switch'),
(1081, 'wheel_sr4', 'Wheels', 'Grove'),
(1082, 'wheel_gn1', 'Wheels', 'Import'),
(1083, 'wheel_lr2', 'Wheels', 'Dollar'),
(1084, 'wheel_lr5', 'Wheels', 'Trance'),
(1085, 'wheel_gn2', 'Wheels', 'Atomic'),
(1086, 'stereo', 'Stereo', 'Stereo'),
(1087, 'hydralics', 'Hydraulics', 'Hydraulics'),
(1088, 'rf_a_u', 'Roof', 'Alien'),
(1089, 'exh_c_u', 'Exhaust', 'X-Flow'),
(1090, 'wg_l_a_u', 'Sideskirt', 'Right Alien Sideskir'),
(1091, 'rf_c_u', 'Roof', 'X-Flow'),
(1092, 'exh_a_u', 'Exhaust', 'Alien'),
(1093, 'wg_l_c_u', 'Sideskirt', 'Left X-Flow Sideskir'),
(1094, 'wg_r_a_u', 'Sideskirt', 'Left Alien Sideskirt'),
(1095, 'wg_r_c_u', 'Sideskirt', 'Right X-Flow Sideski'),
(1096, 'wheel_gn3', 'Wheels', 'Ahab'),
(1097, 'wheel_gn4', 'Wheels', 'Virtual'),
(1098, 'wheel_gn5', 'Wheels', 'Access'),
(1099, 'wg_r_lr_br1', 'Sideskirt', 'Left Chrome Sideskir'),
(1100, 'misc_c_lr_rem1', 'Bullbar', 'Chrome Grill'),
(1101, 'wg_r_lr_rem1', 'Sideskirt', 'Left `Chrome Flames`'),
(1102, 'wg_r_lr_sv', 'Sideskirt', 'Left `Chrome Strip` '),
(1103, 'rf_lr_bl2', 'Roof', 'Covertible'),
(1104, 'exh_lr_bl1', 'Exhaust', 'Chrome'),
(1105, 'exh_lr_bl2', 'Exhaust', 'Slamin'),
(1106, 'wg_l_lr_rem2', 'Sideskirt', 'Right `Chrome Arches'),
(1107, 'wg_r_lr_bl1', 'Sideskirt', 'Left `Chrome Strip` '),
(1108, 'wg_l_lr_bl1', 'Sideskirt', 'Right `Chrome Strip`'),
(1109, 'bbb_lr_slv1', 'Rear Bullbars', 'Chrome'),
(1110, 'bbb_lr_slv2', 'Rear Bullbars', 'Slamin'),
(1111, 'bnt_lr_slv1', 'Front Sign?', 'Little Sign?'),
(1112, 'bnt_lr_slv2', 'Front Sign?', 'Little Sign?'),
(1113, 'exh_lr_slv1', 'Exhaust', 'Chrome'),
(1114, 'exh_lr_slv2', 'Exhaust', 'Slamin'),
(1115, 'fbb_lr_slv1', 'Front Bullbars', 'Chrome'),
(1116, 'fbb_lr_slv2', 'Front Bullbars', 'Slamin'),
(1117, 'fbmp_lr_slv1', 'Front Bumper', 'Chrome'),
(1118, 'wg_l_lr_slv1', 'Sideskirt', 'Right `Chrome Trim` '),
(1119, 'wg_l_lr_slv2', 'Sideskirt', 'Right `Wheelcovers` '),
(1120, 'wg_r_lr_slv1', 'Sideskirt', 'Left `Chrome Trim` S'),
(1121, 'wg_r_lr_slv2', 'Sideskirt', 'Left `Wheelcovers` S'),
(1122, 'wg_l_lr_rem1', 'Sideskirt', 'Right `Chrome Flames'),
(1123, 'misc_c_lr_rem2', 'Bullbars', 'Bullbar Chrome Bars'),
(1124, 'wg_r_lr_rem2', 'Sideskirt', 'Left `Chrome Arches`'),
(1125, 'misc_c_lr_rem3', 'Bullbars', 'Bullbar Chrome Light'),
(1126, 'exh_lr_rem1', 'Exhaust', 'Chrome Exhaust'),
(1127, 'exh_lr_rem2', 'Exhaust', 'Slamin Exhaust'),
(1128, 'rf_lr_bl1', 'Roof', 'Vinyl Hardtop'),
(1129, 'exh_lr_sv1', 'Exhaust', 'Chrome'),
(1130, 'rf_lr_sv1', 'Roof', 'Hardtop'),
(1131, 'rf_lr_sv2', 'Roof', 'Softtop'),
(1132, 'exh_lr_sv2', 'Exhaust', 'Slamin'),
(1133, 'wg_l_lr_sv', 'Sideskirt', 'Right `Chrome Strip`'),
(1134, 'wg_l_lr_t1', 'SideSkirt', 'Right `Chrome Strip`'),
(1135, 'exh_lr_t2', 'Exhaust', 'Slamin'),
(1136, 'exh_lr_t1', 'Exhaust', 'Chrome'),
(1137, 'wg_r_lr_t1', 'Sideskirt', 'Left `Chrome Strip` '),
(1138, 'spl_a_s_b', 'Spoiler', 'Alien'),
(1139, 'spl_c_s_b', 'Spoiler', 'X-Flow'),
(1140, 'rbmp_c_s', 'Rear Bumper', 'X-Flow'),
(1141, 'rbmp_a_s', 'Rear Bumper', 'Alien'),
(1142, 'bntr_b_ov', 'Vents', 'Left Oval Vents'),
(1143, 'bntl_b_ov', 'Vents', 'Right Oval Vents'),
(1144, 'bntr_b_sq', 'Vents', 'Left Square Vents'),
(1145, 'bntl_b_sq', 'Vents', 'Right Square Vents'),
(1146, 'spl_c_l_b', 'Spoiler', 'X-Flow'),
(1147, 'spl_a_l_b', 'Spoiler', 'Alien'),
(1148, 'rbmp_c_l', 'Rear Bumper', 'X-Flow'),
(1149, 'rbmp_a_l', 'Rear Bumper', 'Alien'),
(1150, 'rbmp_a_f', 'Rear Bumper', 'Alien'),
(1151, 'rbmp_c_f', 'Rear Bumper', 'X-Flow'),
(1152, 'fbmp_c_f', 'Front Bumper', 'X-Flow'),
(1153, 'fbmp_a_f', 'Front Bumper', 'Alien'),
(1154, 'rbmp_a_st', 'Rear Bumper', 'Alien'),
(1155, 'fbmp_a_st', 'Front Bumper', 'Alien'),
(1156, 'rbmp_c_st', 'Rear Bumper', 'X-Flow'),
(1157, 'fbmp_c_st', 'Front Bumper', 'X-Flow'),
(1158, 'spl_c_j_b', 'Spoiler', 'X-Flow'),
(1159, 'rbmp_a_j', 'Rear Bumper', 'Alien'),
(1160, 'fbmp_a_j', 'Front Bumper', 'Alien'),
(1161, 'rbmp_c_j', 'Rear Bumper', 'X-Flow'),
(1162, 'spl_a_j_b', 'Spoiler', 'Alien'),
(1163, 'spl_c_u_b', 'Spoiler', 'X-Flow'),
(1164, 'spl_a_u_b', 'Spoiler', 'Alien'),
(1165, 'fbmp_c_u', 'Front Bumper', 'X-Flow'),
(1166, 'fbmp_a_u', 'Front Bumper', 'Alien'),
(1167, 'rbmp_c_u', 'Rear Bumper', 'X-Flow'),
(1168, 'rbmp_a_u', 'Rear Bumper', 'Alien'),
(1169, 'fbmp_a_s', 'Front Bumper', 'Alien'),
(1170, 'fbmp_c_s', 'Front Bumper', 'X-Flow'),
(1171, 'fbmp_a_l', 'Front Bumper', 'Alien'),
(1172, 'fbmp_c_l', 'Front Bumper', 'X-Flow'),
(1173, 'fbmp_c_j', 'Front Bumper', 'X-Flow'),
(1174, 'fbmp_lr_br1', 'Front Bumper', 'Chrome'),
(1175, 'fbmp_lr_br2', 'Rear Bumper', 'Slamin'),
(1176, 'rbmp_lr_br1', 'Front Bumper', 'Chrome'),
(1177, 'rbmp_lr_br2', 'Rear Bumper', 'Slamin'),
(1178, 'rbmp_lr_rem2', 'Rear Bumper', 'Slamin'),
(1179, 'fbmp_lr_rem1', 'Front Bumper', 'Chrome'),
(1180, 'rbmp_lr_rem1', 'Rear Bumper', 'Chrome'),
(1181, 'fbmp_lr_bl2', 'Front Bumper', 'Slamin'),
(1182, 'fbmp_lr_bl1', 'Front Bumper', 'Chrome'),
(1183, 'rbmp_lr_bl2', 'Rear Bumper', 'Slamin'),
(1184, 'rbmp_lr_bl1', 'Rear Bumper', 'Chrome'),
(1185, 'fbmp_lr_rem2', 'Front Bumper', 'Slamin'),
(1186, 'rbmp_lr_sv2', 'Rear Bumper', 'Slamin'),
(1187, 'rbmp_lr_sv1', 'Rear Bumper', 'Chrome'),
(1188, 'fbmp_lr_sv2', 'Front Bumper', 'Slamin'),
(1189, 'fbmp_lr_sv1', 'Front Bumper', 'Chrome'),
(1190, 'fbmp_lr_t2', 'Front Bumper', 'Slamin'),
(1191, 'fbmp_lr_t1', 'Front Bumper', 'Chrome'),
(1192, 'rbmp_lr_t1', 'Rear Bumper', 'Chrome'),
(1193, 'rbmp_lr_t2', 'Rear Bumper', 'Slamin');

-- --------------------------------------------------------

--
-- Table structure for table `CarMods`
--

CREATE TABLE IF NOT EXISTS `CarMods` (
  `ID` int(11) NOT NULL,
  `ModelID` int(11) NOT NULL,
  `ComponentID` int(11) NOT NULL
) ENGINE=MyISAM AUTO_INCREMENT=566 DEFAULT CHARSET=latin1;

--
-- Dumping data for table `CarMods`
--

INSERT INTO `CarMods` (`ID`, `ModelID`, `ComponentID`) VALUES
(1, 445, 1008),
(2, 445, 1009),
(3, 445, 1010),
(4, 602, 1008),
(5, 602, 1009),
(6, 602, 1010),
(7, 602, 1007),
(8, 602, 1004),
(9, 602, 1012),
(10, 602, 1011),
(11, 602, 1005),
(12, 602, 1006),
(13, 429, 1008),
(14, 429, 1009),
(15, 429, 1010),
(16, 496, 1006),
(17, 496, 1007),
(18, 496, 1011),
(19, 496, 1019),
(20, 496, 1023),
(21, 496, 1001),
(22, 496, 1008),
(23, 496, 1009),
(24, 496, 1010),
(25, 496, 1003),
(26, 496, 1002),
(27, 496, 1143),
(28, 496, 1020),
(29, 422, 1008),
(30, 422, 1009),
(31, 422, 1010),
(32, 401, 1012),
(33, 401, 1011),
(34, 401, 1020),
(35, 401, 1019),
(36, 401, 1021),
(37, 401, 1008),
(38, 401, 1009),
(39, 401, 1010),
(40, 401, 1006),
(41, 401, 1013),
(42, 401, 1024),
(43, 401, 1007),
(44, 401, 1023),
(45, 401, 1001),
(46, 401, 1003),
(47, 401, 1002),
(48, 518, 1005),
(49, 518, 1011),
(50, 518, 1012),
(51, 518, 1004),
(52, 518, 1008),
(53, 518, 1009),
(54, 518, 1010),
(55, 518, 1006),
(56, 518, 1001),
(57, 518, 1023),
(58, 518, 1003),
(59, 402, 1008),
(60, 402, 1009),
(61, 402, 1010),
(62, 402, 1001),
(63, 402, 1014),
(64, 402, 1002),
(65, 402, 1023),
(66, 402, 1015),
(67, 541, 1006),
(68, 541, 1014),
(69, 541, 1003),
(70, 541, 1008),
(71, 541, 1009),
(72, 541, 1010),
(73, 438, 1008),
(74, 438, 1009),
(75, 438, 1010),
(76, 527, 1008),
(77, 527, 1009),
(78, 527, 1010),
(79, 527, 1006),
(80, 527, 1002),
(81, 527, 1015),
(82, 527, 1023),
(83, 527, 1001),
(84, 527, 1003),
(85, 527, 1146),
(86, 527, 1147),
(87, 527, 1007),
(88, 483, 1008),
(89, 483, 1009),
(90, 483, 1010),
(91, 415, 1008),
(92, 415, 1009),
(93, 415, 1010),
(94, 415, 1016),
(95, 415, 1023),
(96, 415, 1001),
(97, 415, 1003),
(98, 415, 1002),
(99, 542, 1005),
(100, 542, 1004),
(101, 542, 1003),
(102, 542, 1023),
(103, 542, 1001),
(104, 542, 1008),
(105, 542, 1009),
(106, 542, 1010),
(107, 542, 1007),
(108, 542, 1013),
(109, 589, 1008),
(110, 589, 1009),
(111, 589, 1010),
(112, 589, 1006),
(113, 589, 1007),
(114, 589, 1014),
(115, 589, 1023),
(116, 589, 1003),
(117, 480, 1008),
(118, 480, 1009),
(119, 480, 1010),
(120, 573, 1008),
(121, 573, 1009),
(122, 573, 1010),
(123, 507, 1008),
(124, 507, 1009),
(125, 507, 1010),
(126, 585, 1008),
(127, 585, 1009),
(128, 585, 1010),
(129, 419, 1008),
(130, 419, 1009),
(131, 419, 1010),
(132, 587, 1008),
(133, 587, 1009),
(134, 587, 1010),
(135, 533, 1006),
(136, 533, 1007),
(137, 533, 1011),
(138, 533, 1019),
(139, 533, 1023),
(140, 533, 1001),
(141, 533, 1008),
(142, 533, 1009),
(143, 533, 1010),
(144, 533, 1003),
(145, 533, 1002),
(146, 533, 1143),
(147, 533, 1020),
(148, 530, 1016),
(149, 530, 1023),
(150, 530, 1003),
(151, 530, 1001),
(152, 530, 1007),
(153, 530, 1006),
(154, 530, 1008),
(155, 530, 1009),
(156, 530, 1010),
(157, 526, 1008),
(158, 526, 1009),
(159, 526, 1010),
(160, 526, 1138),
(161, 526, 1014),
(162, 526, 1015),
(163, 526, 1050),
(164, 526, 1158),
(165, 526, 1139),
(166, 526, 1162),
(167, 526, 1016),
(168, 526, 1007),
(169, 526, 1006),
(170, 466, 1008),
(171, 466, 1009),
(172, 466, 1010),
(173, 492, 1008),
(174, 492, 1009),
(175, 492, 1010),
(176, 474, 1008),
(177, 474, 1009),
(178, 474, 1010),
(179, 494, 1008),
(180, 494, 1009),
(181, 494, 1010),
(182, 579, 1008),
(183, 579, 1009),
(184, 579, 1010),
(185, 545, 1008),
(186, 545, 1009),
(187, 545, 1010),
(188, 411, 1008),
(189, 411, 1009),
(190, 411, 1010),
(191, 411, 1002),
(192, 411, 1015),
(193, 411, 1023),
(194, 411, 1001),
(195, 411, 1003),
(196, 411, 1006),
(197, 546, 1008),
(198, 546, 1009),
(199, 546, 1010),
(200, 400, 1013),
(201, 400, 1024),
(202, 400, 1008),
(203, 400, 1009),
(204, 400, 1010),
(205, 400, 1006),
(206, 400, 1002),
(207, 400, 1016),
(208, 403, 1008),
(209, 403, 1009),
(210, 403, 1010),
(211, 517, 1008),
(212, 517, 1009),
(213, 517, 1010),
(214, 517, 1001),
(215, 517, 1023),
(216, 517, 1003),
(217, 517, 1007),
(218, 410, 1008),
(219, 410, 1009),
(220, 410, 1010),
(221, 551, 1008),
(222, 551, 1009),
(223, 551, 1010),
(224, 500, 1008),
(225, 500, 1009),
(226, 500, 1010),
(227, 444, 1008),
(228, 444, 1009),
(229, 444, 1010),
(230, 418, 1008),
(231, 418, 1009),
(232, 418, 1010),
(233, 572, 1010),
(234, 572, 1023),
(235, 572, 1001),
(236, 572, 1003),
(237, 572, 1002),
(238, 572, 1139),
(239, 572, 1147),
(240, 572, 1146),
(241, 572, 1006),
(242, 572, 1007),
(243, 516, 1008),
(244, 516, 1009),
(245, 516, 1010),
(246, 467, 1008),
(247, 467, 1009),
(248, 467, 1010),
(249, 404, 1008),
(250, 404, 1009),
(251, 404, 1010),
(252, 603, 1008),
(253, 603, 1009),
(254, 603, 1010),
(255, 600, 1005),
(256, 600, 1004),
(257, 600, 1020),
(258, 600, 1022),
(259, 600, 1018),
(260, 600, 1013),
(261, 600, 1008),
(262, 600, 1009),
(263, 600, 1010),
(264, 600, 1006),
(265, 600, 1007),
(266, 426, 1020),
(267, 426, 1019),
(268, 426, 1021),
(269, 426, 1008),
(270, 426, 1009),
(271, 426, 1010),
(272, 426, 1006),
(273, 426, 1007),
(274, 426, 1138),
(275, 426, 1139),
(276, 426, 1147),
(277, 426, 1146),
(278, 436, 1008),
(279, 436, 1009),
(280, 436, 1010),
(281, 547, 1008),
(282, 547, 1009),
(283, 547, 1010),
(284, 547, 1007),
(285, 547, 1016),
(286, 547, 1003),
(287, 547, 1138),
(288, 547, 1139),
(289, 547, 1147),
(290, 547, 1146),
(291, 547, 1162),
(292, 547, 1158),
(293, 489, 1008),
(294, 489, 1009),
(295, 489, 1010),
(296, 479, 1008),
(297, 479, 1009),
(298, 479, 1010),
(299, 442, 1008),
(300, 442, 1009),
(301, 442, 1010),
(302, 475, 1008),
(303, 475, 1009),
(304, 475, 1010),
(305, 475, 1001),
(306, 475, 1014),
(307, 475, 1015),
(308, 495, 1008),
(309, 495, 1009),
(310, 495, 1010),
(311, 405, 1020),
(312, 405, 1021),
(313, 405, 1019),
(314, 405, 1018),
(315, 405, 1008),
(316, 405, 1009),
(317, 405, 1010),
(318, 405, 1001),
(319, 405, 1014),
(320, 405, 1023),
(321, 458, 1008),
(322, 458, 1009),
(323, 458, 1010),
(324, 580, 1008),
(325, 580, 1009),
(326, 580, 1010),
(327, 439, 1003),
(328, 439, 1023),
(329, 439, 1001),
(330, 439, 1008),
(331, 439, 1009),
(332, 439, 1010),
(333, 439, 1007),
(334, 439, 1143),
(335, 439, 1145),
(336, 439, 1013),
(337, 409, 1008),
(338, 409, 1009),
(339, 409, 1010),
(340, 550, 1005),
(341, 550, 1004),
(342, 550, 1143),
(343, 550, 1145),
(344, 550, 1008),
(345, 550, 1009),
(346, 550, 1010),
(347, 550, 1006),
(348, 550, 1001),
(349, 550, 1023),
(350, 550, 1003),
(351, 506, 1008),
(352, 506, 1009),
(353, 506, 1010),
(354, 566, 1008),
(355, 566, 1009),
(356, 566, 1010),
(357, 549, 1012),
(358, 549, 1011),
(359, 549, 1143),
(360, 549, 1145),
(361, 549, 1008),
(362, 549, 1009),
(363, 549, 1010),
(364, 549, 1001),
(365, 549, 1023),
(366, 549, 1003),
(367, 549, 1007),
(368, 420, 1008),
(369, 420, 1009),
(370, 420, 1010),
(371, 531, 1006),
(372, 531, 1007),
(373, 531, 1143),
(374, 531, 1145),
(375, 531, 1012),
(376, 531, 1010),
(377, 531, 1023),
(378, 531, 1001),
(379, 531, 1003),
(380, 531, 1002),
(381, 531, 1139),
(382, 531, 1147),
(383, 531, 1146),
(384, 525, 1008),
(385, 525, 1009),
(386, 525, 1010),
(387, 451, 1008),
(388, 451, 1009),
(389, 451, 1010),
(390, 540, 1008),
(391, 540, 1009),
(392, 540, 1010),
(393, 491, 1143),
(394, 491, 1145),
(395, 491, 1020),
(396, 491, 1021),
(397, 491, 1019),
(398, 491, 1018),
(399, 491, 1008),
(400, 491, 1009),
(401, 491, 1010),
(402, 491, 1014),
(403, 491, 1023),
(404, 491, 1003),
(405, 491, 1007),
(406, 412, 1008),
(407, 412, 1009),
(408, 412, 1010),
(409, 478, 1008),
(410, 478, 1009),
(411, 478, 1010),
(412, 421, 1008),
(413, 421, 1009),
(414, 421, 1010),
(415, 421, 1002),
(416, 421, 1023),
(417, 421, 1016),
(418, 421, 1003),
(419, 529, 1008),
(420, 529, 1009),
(421, 529, 1010),
(422, 555, 1008),
(423, 555, 1009),
(424, 555, 1010),
(425, 555, 1002),
(426, 555, 1023),
(427, 555, 1016),
(428, 555, 1003),
(429, 477, 1008),
(430, 477, 1009),
(431, 477, 1010),
(432, 562, 1008),
(433, 562, 1009),
(434, 562, 1010),
(435, 562, 1038),
(436, 565, 1046),
(437, 565, 1045),
(438, 565, 1153),
(439, 565, 1152),
(440, 565, 1008),
(441, 565, 1009),
(442, 565, 1010),
(443, 565, 1150),
(444, 565, 1151),
(445, 565, 1054),
(446, 565, 1053),
(447, 565, 1049),
(448, 565, 1050),
(449, 565, 1047),
(450, 565, 1048),
(451, 559, 1008),
(452, 559, 1009),
(453, 559, 1010),
(454, 559, 1065),
(455, 559, 1066),
(456, 559, 1160),
(457, 559, 1173),
(458, 559, 1159),
(459, 559, 1161),
(460, 559, 1162),
(461, 559, 1158),
(462, 559, 1067),
(463, 559, 1068),
(464, 559, 1069),
(465, 559, 1070),
(466, 561, 1064),
(467, 561, 1059),
(468, 561, 1155),
(469, 561, 1157),
(470, 561, 1008),
(471, 561, 1009),
(472, 561, 1010),
(473, 561, 1154),
(474, 561, 1156),
(475, 561, 1055),
(476, 561, 1061),
(477, 561, 1056),
(478, 561, 1057),
(479, 560, 1028),
(480, 560, 1029),
(481, 560, 1169),
(482, 560, 1170),
(483, 560, 1008),
(484, 560, 1009),
(485, 560, 1010),
(486, 560, 1141),
(487, 560, 1140),
(488, 560, 1032),
(489, 560, 1033),
(490, 560, 1138),
(491, 560, 1139),
(492, 560, 1026),
(493, 560, 1031),
(494, 558, 1092),
(495, 558, 1089),
(496, 558, 1166),
(497, 558, 1165),
(498, 558, 1010),
(499, 558, 1168),
(500, 558, 1167),
(501, 558, 1088),
(502, 558, 1091),
(503, 558, 1164),
(504, 558, 1163),
(505, 558, 1090),
(506, 558, 1093),
(507, 536, 1104),
(508, 536, 1105),
(509, 536, 1182),
(510, 536, 1181),
(511, 536, 1008),
(512, 536, 1009),
(513, 536, 1010),
(514, 536, 1184),
(515, 536, 1183),
(516, 536, 1128),
(517, 536, 1103),
(518, 536, 1108),
(519, 575, 1044),
(520, 575, 1043),
(521, 575, 1174),
(522, 575, 1175),
(523, 575, 1008),
(524, 575, 1009),
(525, 575, 1010),
(526, 575, 1176),
(527, 575, 1177),
(528, 575, 1042),
(529, 534, 1126),
(530, 534, 1127),
(531, 534, 1179),
(532, 534, 1185),
(533, 534, 1100),
(534, 534, 1123),
(535, 534, 1125),
(536, 534, 1008),
(537, 534, 1009),
(538, 534, 1010),
(539, 534, 1180),
(540, 534, 1178),
(541, 534, 1122),
(542, 534, 1106),
(543, 567, 1009),
(544, 567, 1008),
(545, 567, 1010),
(546, 567, 1130),
(547, 535, 1109),
(548, 535, 1110),
(549, 535, 1113),
(550, 535, 1114),
(551, 535, 1115),
(552, 535, 1116),
(553, 535, 1117),
(554, 535, 1008),
(555, 535, 1009),
(556, 535, 1010),
(557, 535, 1118),
(558, 535, 1119),
(559, 576, 1191),
(560, 576, 1190),
(561, 576, 1008),
(562, 576, 1009),
(563, 576, 1010),
(564, 576, 1192),
(565, 576, 1134);

-- --------------------------------------------------------

--
-- Table structure for table `Password`
--

CREATE TABLE IF NOT EXISTS `Password` (
  `UserID` int(11) NOT NULL,
  `Hash` varchar(62) NOT NULL
) ENGINE=InnoDB DEFAULT CHARSET=latin1;

-- --------------------------------------------------------

--
-- Table structure for table `User`
--

CREATE TABLE IF NOT EXISTS `User` (
  `uID` int(11) NOT NULL,
  `Name` varchar(21) NOT NULL,
  `Skin` int(11) NOT NULL,
  `PosX` float NOT NULL,
  `PosY` float NOT NULL,
  `PosZ` float NOT NULL,
  `Angle` float NOT NULL,
  `Adminrank` int(11) NOT NULL
) ENGINE=InnoDB AUTO_INCREMENT=2 DEFAULT CHARSET=latin1;

--
-- Triggers `User`
--
DELIMITER $$
CREATE TRIGGER `Delete Other Stuff` BEFORE DELETE ON `User`
 FOR EACH ROW DELETE FROM `Password` WHERE `Password`.`UserID` = Old.`uID`
$$
DELIMITER ;

-- --------------------------------------------------------

--
-- Table structure for table `VehicleInformation`
--

CREATE TABLE IF NOT EXISTS `VehicleInformation` (
  `ModelID` int(11) NOT NULL,
  `EngineTyp` int(11) NOT NULL,
  `Fuel` int(11) NOT NULL,
  `Consump` int(11) NOT NULL,
  `MaxSpeed` float NOT NULL
) ENGINE=MyISAM DEFAULT CHARSET=latin1;

--
-- Dumping data for table `VehicleInformation`
--

INSERT INTO `VehicleInformation` (`ModelID`, `EngineTyp`, `Fuel`, `Consump`, `MaxSpeed`) VALUES
(400, 2, 70, 16, 152.601),
(401, 1, 45, 15, 142.006),
(402, 1, 60, 10, 180.313),
(403, 2, 110, 24, 110.985),
(404, 1, 68, 12, 128.484),
(405, 1, 45, 11, 158.388),
(406, 2, 225, 55, 106.95),
(407, 2, 132, 23, 143.346),
(408, 2, 80, 14, 96.6642),
(409, 2, 55, 10, 152.772),
(410, 1, 60, 14, 125.384),
(411, 1, 60, 15, 217.514),
(412, 1, 50, 16, 163.024),
(413, 2, 75, 16, 106.519),
(414, 2, 85, 19, 102.121),
(496, 1, 70, 14, 157.232),
(494, 1, 65, 17, 207.605),
(415, 1, 70, 18, 185.849),
(416, 2, 90, 12, 148.882),
(487, 3, 215, 52, 172.129),
(486, 2, 80, 19, 62.0622),
(485, 2, 30, 4, 96.1248),
(482, 2, 75, 14, 151.418),
(495, 2, 80, 23, 170.535),
(483, 2, 70, 21, 118.608),
(484, 2, 75, 14, 59.6027),
(481, 0, 0, 0, 0),
(480, 2, 68, 13, 178.128),
(479, 1, 65, 12, 137.183),
(478, 2, 75, 16, 113.641),
(477, 1, 60, 11, 180.274),
(476, 3, 130, 57, 257.832),
(475, 1, 75, 13, 167.217),
(474, 2, 70, 15, 144.247),
(473, 2, 15, 5, 103.249),
(472, 2, 60, 10, 125.108),
(471, 1, 20, 6, 106.767),
(470, 2, 80, 16, 151.633),
(469, 3, 150, 47, 125.746),
(468, 1, 11, 4, 141.81),
(467, 1, 65, 14, 137.64),
(466, 1, 65, 15, 142.093),
(465, 0, 0, 0, 35),
(464, 0, 0, 0, 35),
(463, 1, 15, 5, 138.611),
(462, 1, 10, 5, 109.217),
(461, 1, 20, 5, 157.475),
(460, 2, 65, 36, 174.017),
(459, 2, 63, 12, 131.537),
(458, 1, 70, 14, 152.026),
(457, 1, 12, 2, 91.8551),
(456, 2, 75, 16, 108.484),
(493, 2, 70, 13, 0),
(492, 1, 70, 12, 135.779),
(491, 1, 70, 12, 144.115),
(490, 2, 90, 19, 151.587),
(489, 2, 80, 17, 134.864),
(488, 3, 215, 52, 151.15),
(417, 3, 350, 59, 130.341),
(418, 1, 75, 18, 111.598),
(419, 1, 65, 13, 144.184),
(420, 2, 66, 13, 140.226),
(421, 1, 68, 14, 148.63),
(422, 2, 64, 14, 135.339),
(423, 2, 65, 17, 95.3483),
(424, 1, 50, 15, 130.913),
(425, 3, 350, 66, 0),
(426, 1, 60, 13, 167.641),
(427, 2, 120, 21, 160.03),
(428, 2, 75, 16, 151.508),
(429, 1, 60, 14, 194.962),
(430, 2, 55, 10, 176.104),
(431, 2, 240, 19, 126.042),
(432, 2, 125, 24, 91.2448),
(433, 2, 210, 19, 106.836),
(434, 1, 30, 11, 161.409),
(435, 0, 0, 0, 35),
(436, 2, 60, 14, 144.12),
(437, 2, 240, 19, 152.449),
(438, 1, 70, 14, 137.982),
(439, 1, 65, 12, 162.97),
(440, 2, 60, 11, 131.599),
(441, 0, 0, 0, 0),
(442, 2, 75, 15, 134.538),
(443, 2, 120, 26, 122.041),
(444, 2, 100, 22, 112.813),
(445, 2, 65, 12, 158.333),
(446, 2, 60, 10, 160.395),
(447, 3, 150, 48, 0),
(448, 1, 15, 5, 104.906),
(449, 0, 0, 0, 0),
(450, 0, 0, 0, 0),
(451, 1, 70, 16, 187.009),
(452, 2, 55, 12, 135.851),
(453, 2, 65, 12, 51.5744),
(454, 2, 70, 11, 122.523),
(455, 2, 95, 23, 152.299),
(497, 3, 215, 52, 179.632),
(498, 2, 80, 19, 104.155),
(499, 2, 62, 17, 118.779),
(500, 1, 60, 12, 135.977),
(501, 0, 0, 0, 35),
(502, 1, 60, 17, 207.509),
(503, 1, 60, 17, 207.559),
(504, 1, 70, 14, 167.153),
(505, 2, 80, 16, 134.875),
(506, 1, 70, 19, 173.213),
(507, 2, 70, 14, 160.319),
(508, 2, 75, 14, 104.17),
(509, 0, 0, 0, 0),
(510, 0, 0, 0, 0),
(511, 3, 450, 110, 0),
(512, 3, 130, 65, 0),
(513, 3, 83, 46, 0),
(514, 2, 105, 23, 116.385),
(515, 2, 120, 24, 137.526),
(516, 2, 70, 14, 152.026),
(517, 2, 70, 15, 152.017),
(518, 1, 70, 13, 158.823),
(519, 3, 430, 112, 261),
(520, 3, 145, 70, 261),
(521, 1, 20, 5, 153.791),
(522, 1, 20, 6, 171.984),
(523, 1, 45, 12, 156.386),
(524, 2, 110, 25, 0),
(525, 2, 75, 10, 0),
(526, 2, 70, 13, 0),
(527, 1, 60, 11, 0),
(528, 2, 90, 17, 0),
(529, 1, 70, 14, 0),
(530, 2, 10, 3, 0),
(531, 2, 50, 15, 0),
(532, 2, 80, 16, 0),
(533, 1, 55, 8, 0),
(534, 1, 65, 15, 0),
(535, 1, 75, 15, 0),
(536, 1, 62, 14, 0),
(537, 2, 80, 11, 0),
(538, 2, 80, 11, 0),
(539, 1, 30, 3, 95.626),
(540, 2, 70, 13, 143.955),
(541, 1, 75, 18, 0),
(542, 1, 70, 11, 158.641),
(543, 2, 64, 9, 146.531),
(544, 2, 180, 22, 0),
(545, 1, 65, 12, 141.914),
(546, 2, 70, 11, 0),
(547, 1, 70, 12, 0),
(548, 3, 350, 58, 0),
(549, 1, 70, 11, 0),
(550, 1, 75, 13, 0),
(551, 2, 65, 13, 0),
(552, 2, 70, 15, 0),
(553, 3, 800, 235, 255.507),
(554, 2, 85, 17, 0),
(555, 1, 65, 9, 88.5815),
(556, 2, 120, 22, 0),
(557, 2, 120, 22, 0),
(558, 1, 70, 16, 0),
(559, 1, 75, 16, 0),
(560, 1, 70, 14, 163.298),
(561, 2, 70, 13, 148.6),
(562, 1, 75, 14, 0),
(563, 3, 362, 64, 0),
(564, 0, 0, 0, 35),
(565, 1, 70, 15, 0),
(566, 1, 70, 13, 154.421),
(567, 1, 67, 14, 0),
(568, 1, 20, 8, 0),
(569, 0, 0, 0, 35),
(570, 0, 0, 0, 35),
(571, 1, 10, 2, 0),
(572, 2, 15, 2, 0),
(573, 1, 100, 50, 0),
(574, 1, 65, 13, 0),
(575, 1, 65, 13, 0),
(576, 1, 73, 15, 0),
(577, 3, 1000, 270, 0),
(578, 2, 81, 20, 0),
(579, 2, 73, 19, 0),
(580, 2, 70, 12, 0),
(581, 1, 12, 5, 0),
(582, 2, 65, 12, 0),
(583, 2, 10, 2, 0),
(584, 0, 0, 0, 35),
(585, 1, 65, 10, 0),
(586, 1, 20, 6, 0),
(587, 1, 75, 14, 0),
(588, 2, 65, 13, 0),
(589, 1, 65, 14, 0),
(590, 0, 0, 0, 35),
(591, 0, 0, 0, 35),
(592, 3, 1000, 300, 261),
(593, 3, 120, 56, 0),
(594, 0, 0, 0, 35),
(595, 2, 75, 11, 0),
(596, 1, 80, 14, 0),
(597, 1, 80, 14, 0),
(598, 1, 80, 14, 0),
(599, 2, 90, 14, 0),
(600, 2, 67, 13, 0),
(601, 2, 80, 17, 106.553),
(602, 1, 70, 13, 0),
(603, 1, 70, 14, 0),
(604, 1, 65, 15, 0),
(605, 2, 65, 12, 0),
(606, 0, 0, 0, 35),
(607, 0, 0, 0, 35),
(608, 0, 0, 0, 35),
(609, 2, 78, 19, 0),
(610, 0, 0, 0, 35),
(611, 0, 0, 0, 35);

--
-- Indexes for dumped tables
--

--
-- Indexes for table `CarComponents`
--
ALTER TABLE `CarComponents`
  ADD PRIMARY KEY (`ComponentID`), ADD UNIQUE KEY `ComponentID` (`ComponentID`);

--
-- Indexes for table `CarMods`
--
ALTER TABLE `CarMods`
  ADD PRIMARY KEY (`ID`);

--
-- Indexes for table `Password`
--
ALTER TABLE `Password`
  ADD PRIMARY KEY (`UserID`), ADD UNIQUE KEY `UserID` (`UserID`);

--
-- Indexes for table `User`
--
ALTER TABLE `User`
  ADD PRIMARY KEY (`uID`);

--
-- Indexes for table `VehicleInformation`
--
ALTER TABLE `VehicleInformation`
  ADD PRIMARY KEY (`ModelID`), ADD UNIQUE KEY `ModelID` (`ModelID`);

--
-- AUTO_INCREMENT for dumped tables
--

--
-- AUTO_INCREMENT for table `CarMods`
--
ALTER TABLE `CarMods`
  MODIFY `ID` int(11) NOT NULL AUTO_INCREMENT,AUTO_INCREMENT=566;
--
-- AUTO_INCREMENT for table `User`
--
ALTER TABLE `User`
  MODIFY `uID` int(11) NOT NULL AUTO_INCREMENT,AUTO_INCREMENT=35;
/*!40101 SET CHARACTER_SET_CLIENT=@OLD_CHARACTER_SET_CLIENT */;
/*!40101 SET CHARACTER_SET_RESULTS=@OLD_CHARACTER_SET_RESULTS */;
/*!40101 SET COLLATION_CONNECTION=@OLD_COLLATION_CONNECTION */;
